id,title,content
1,The Rise of AI,Artificial intelligence is transforming industries globally. Machine learning and deep learning are key components.
2,Future of Robotics,Robotics is advancing rapidly, integrating with AI for autonomous systems. Human-robot interaction is a growing field.
3,Data Engineering,Data Engineering leverages tools and computation to move massive amounts of data. Big data analytics is crucial.
4,Machine Learning Basics,Machine learning is a subset of AI focused on building systems that learn from data.
5,Industrial Robotics,Modern industries use robotics and AI to automate manufacturing and logistics.
6,Natural Language Processing,NLP allows computers to understand and interpret human language using deep learning models.
7,Computer Vision,Computer vision enables machines to identify and process images and videos like humans.
8,AI in Healthcare,Artificial intelligence helps doctors diagnose diseases and suggest personalized treatments using patient data.
9,Ethics in AI,The development of AI raises ethical questions regarding bias fairness and privacy of user data.
10,AI and Cybersecurity,Cybersecurity systems use machine learning to detect threats and protect data from hackers.
11,Neural Networks Explained,Neural networks are inspired by the human brain and are fundamental to deep learning.
12,Autonomous Vehicles,Self-driving cars use AI and sensors to navigate roads safely without human intervention.
13,Generative AI,Generative AI can create new content like text images and music based on training data.
14,Reinforcement Learning,Reinforcement learning is a type of machine learning where agents learn by trial and error.
15,AI in Finance,Financial institutions use AI for fraud detection and automated trading strategies.
16,Cloud Computing for AI,Cloud platforms provide the computation power needed to train large scale AI models.
17,The Turing Test,The Turing test measures a machine's ability to exhibit intelligent behavior equivalent to a human.
18,Supervised Learning,Supervised learning uses labeled data to train algorithms for classification and regression tasks.
19,Unsupervised Learning,Unsupervised learning finds hidden patterns or structures in data without pre-existing labels.
20,Edge AI,Edge AI involves processing data locally on devices instead of relying solely on cloud servers.